<?xml version="1.0" encoding="UTF-8" standalone="yes"?>
<m2m:conf xmlns:m2m="http://www.onem2m.org/xml/protocols" xmlns:xsi="http://www.w3.org/2001/XMLSchema-instance">
    <tas>
        <comport>COM3</comport>
        <baudrate>115200</baudrate>
        <parenthostname>localhost</parenthostname>
        <parentport>7622</parentport>
    </tas>
    <upload>
        <ctname>camera</ctname>
        <id>timer</id>
    </upload>
    <upload>
        <ctname>camera</ctname>
        <id>fe80:0000:0000:0000:5112:4b00:0235:b222</id>
    </upload>
    <download>
        <ctname>camera_ctrl</ctname>
        <id>fe80:0000:0000:0000:5112:4b00:0235:b222</id>
    </download>
</m2m:conf>
